category,subcategory,subsubcategory,sku,suppliers
"Одежда","Одежда / Футболки","Мужские футболки","2184","oasis|oceangifts"
"Одежда","Одежда / Футболки","Футболки","1203","art24|oasis"
"Одежда","Одежда / Футболки","Женские футболки","812","oasis|oceangifts"
"Одежда","Одежда / Футболки","Спортивные футболки","693","oasis"
"Одежда","Одежда / Футболки","Детские футболки","245","oasis|oceangifts"
"Одежда","Одежда / Футболки","Футболки оверсайз унисекс","152","oasis"
"Одежда","Одежда / Футболки","Распродажа / Текстиль B&C","11","oceangifts"
"Одежда","Одежда / Поло","Поло","2500","oasis|oceangifts"
"Одежда","Одежда / Поло","Рубашки поло","161","art24"
"Одежда","Одежда / Поло","Мужские футболки поло","28","oceangifts"
"Одежда","Одежда / Куртки и ветровки","Куртки и ветровки","1788","oasis|oceangifts"
"Одежда","Коллекции / Товары для лета","Одежда","430","oasis"
"Одежда","Одежда / Жилеты","Жилеты","410","oasis"
"Одежда","Одежда / Офисные рубашки","Офисные рубашки","382","oasis|oceangifts"
"Одежда","Одежда / Брюки и шорты","Брюки и шорты","321","oasis"
"Одежда","Одежда / Брюки и шорты","Ветровки","1","art24"
"Одежда","Одежда / Свитшоты","Джемперы, Свитшоты","148","art24"
"Одежда","Одежда / Свитшоты","Свитшоты","45","midocean"
"Одежда","Одежда / Свитшоты","Шапки","16","art24"
"Одежда","Для спорта и фитнеса / Спортивные аксессуары","Спортивные полотенца","85","oasis"
"Одежда","Для отдыха / Для спа и сауны","Полотенца","74","oasis"
"Одежда","Рубашка поло Rock Lady, женская (желтая, 2XL)","(без подподкатегории)","48","topcatalog"
"Одежда","Поло | Распродажа / Текстиль B&C","Распродажа / Текстиль B&C","29","oceangifts"
"Одежда","Одежда / Юбки","Юбки","10","oasis"
"Одежда","Аксессуары / брюки","шорты","1","oceangifts"
"Сумки и рюкзаки","Сумки / Рюкзаки","Рюкзаки","815","midocean|oasis|oceangifts"
"Сумки и рюкзаки","Сумки / Рюкзаки","Корпоративные подарки / Сумки и рюкзаки","20","oceangifts"
"Сумки и рюкзаки","Сумки / Рюкзаки","Финальная цена / Сумки и рюкзаки","2","oceangifts"
"Сумки и рюкзаки","Сумки / Рюкзаки","Отдых / Сумки и кулеры","1","oceangifts"
"Сумки и рюкзаки","Сумки / Рюкзаки","Аксессуары / Аксессуары для спорта","1","oceangifts"
"Сумки и рюкзаки","Товары для детей / Рюкзаки и сумки для детей","Рюкзаки","360","art24"
"Сумки и рюкзаки","Товары для детей / Рюкзаки и сумки для детей","Рюкзаки и сумки для детей","98","oasis"
"Сумки и рюкзаки","Товары для детей / Рюкзаки и сумки для детей","Поясные сумки","54","art24"
"Сумки и рюкзаки","Товары для детей / Рюкзаки и сумки для детей","Сумки для документов","38","art24"
"Сумки и рюкзаки","Товары для детей / Рюкзаки и сумки для детей","Сумки дорожные и спортивные","28","art24"
"Сумки и рюкзаки","Товары для детей / Рюкзаки и сумки для детей","Сумки на плечо","22","art24"
"Сумки и рюкзаки","Товары для детей / Рюкзаки и сумки для детей","Чемоданы","12","art24"
"Сумки и рюкзаки","Сумки / Дорожные сумки","Портпледы","378","midocean|oasis"
"Сумки и рюкзаки","Сумки / Дорожные сумки","Чемоданы","131","oasis"
"Сумки и рюкзаки","Сумки / Дорожные сумки","Саквояжи","35","oasis"
"Сумки и рюкзаки","Сумки / Дорожные сумки","Сумки органайзеры","11","oasis"
"Сумки и рюкзаки","Сумки / Дорожные сумки","Сумки на колесиках","9","oasis"
"Сумки и рюкзаки","Сумки / Дорожные сумки","Наборы с сумками","1","oasis"
"Сумки и рюкзаки","Сумки / Для шопинга","Для шопинга","477","oasis"
"Сумки и рюкзаки","Для спорта и фитнеса / Сумки для спорта","Мешки","248","oasis"
"Сумки и рюкзаки","Для спорта и фитнеса / Сумки для спорта","Сумки на пояс","108","oasis"
"Сумки и рюкзаки","Для спорта и фитнеса / Сумки для спорта","Спортивные сумки","94","oasis"
"Сумки и рюкзаки","Сумки / Сумки-холодильники","Сумки-холодильники","263","art24|midocean|oasis"
"Сумки и рюкзаки","Сумки / Для документов","Сумки для документов","181","oasis"
"Сумки и рюкзаки","Сумки / Для документов","Сумки на плечо","71","oasis"
"Сумки и рюкзаки","Сумки / Для документов","Ручки / Футляры для ручек","1","oceangifts"
"Сумки и рюкзаки","Коллекции / Товары для лета","Сумки и рюкзаки","207","midocean|oasis"
"Сумки и рюкзаки","Коллекции / Товары для лета","Сумки-холодильники","17","oasis"
"Сумки и рюкзаки","Коллекции / Товары для лета","Корпоративные подарки / Сумки и рюкзаки","1","oceangifts"
"Сумки и рюкзаки","Коллекции / Товары для лета","Промосувениры / Промопродукция","1","oceangifts"
"Сумки и рюкзаки","Портфели и сумки / Сумки для ноутбуков и документов","Сумки для покупок и отдыха","172","art24"
"Сумки и рюкзаки","Портфели и сумки / Сумки для ноутбуков и документов","Сумки для ноутбуков и документов","19","midocean"
"Сумки и рюкзаки","Личные аксессуары / Женские аксессуары","Несессеры, косметички","97","art24"
"Сумки и рюкзаки","Личные аксессуары / Женские аксессуары","Дамские сумки, косметички","64","midocean"
"Сумки и рюкзаки","Сумки / Для ноутбука","Сумки для ноутбука","115","oasis"
"Сумки и рюкзаки","Сумки / Для ноутбука","Чехлы для ноутбука","45","oasis"
"Сумки и рюкзаки","Женские аксессуары / Косметички","Косметички","88","oasis"
"Сумки и рюкзаки","Шоппер Superbag с ремувкой 4sb (неокрашенный с салатовым)","(без подподкатегории)","87","topcatalog"
"Сумки и рюкзаки","Женские аксессуары / Сумки женские","Сумки женские","68","oasis|oceangifts"
"Сумки и рюкзаки","Женские аксессуары / Сумки женские","Отдых / Сумки и кулеры","7","oceangifts"
"Сумки и рюкзаки","Женские аксессуары / Сумки женские","Корпоративные подарки / Сумки и рюкзаки","4","oceangifts"
"Сумки и рюкзаки","Женские аксессуары / Сумки женские","Аксессуары / Сумки и рюкзаки","1","oceangifts"
"Сумки и рюкзаки","Портфели и сумки / Портпледы","Пледы","73","art24"
"Сумки и рюкзаки","Портфели и сумки / Сумки дорожные","Сумки дорожные","41","midocean"
"Сумки и рюкзаки","Сумки / Для спорта","Спортивные сумки","34","midocean"
"Сумки и рюкзаки","Сумки / Для спорта","Для спорта","6","oasis"
"Сумки и рюкзаки","Для путешествий / Аксессуары для путешествий","Несессеры","37","oasis"
"Сумки и рюкзаки","Сумки / Пляжные сумки","Пляжные сумки","32","midocean|oasis"
"Сумки и рюкзаки","Сумки / Компактные сумки","Сумки для бутылок","15","midocean|oasis"
"Сумки и рюкзаки","Сумки / Компактные сумки","Сумки для телефонов","12","oasis"
"Сумки и рюкзаки","Сумки / Портфели","Портфели","23","oasis"
"Сумки и рюкзаки","Портфели и сумки / Папки, портфолио","Папки, портфолио","22","midocean"
"Сумки и рюкзаки","Мужские аксессуары / Барсетки и несессеры","Барсетки и несессеры","19","oasis"
"Сумки и рюкзаки","Для отдыха / Для отдыха на пляже","Пляжные сумки","13","oasis"
"Сумки и рюкзаки","Зип-пакет Lock для шоппера (прозрачный матовый)","(без подподкатегории)","2","topcatalog"
"Электроника","Электроника / Устройства хранения","Флешки","1578","oasis"
"Электроника","Электроника / Устройства хранения","SSD накопители","9","oasis"
"Электроника","Электроника / Устройства хранения","Жесткие диски HDD","6","oasis"
"Электроника","Электроника / Устройства хранения","Электроника / Зарядные устройства","5","oceangifts"
"Электроника","Электроника / Устройства хранения","Упаковка для флешек","3","oasis"
"Электроника","Электроника / Внешние аккумуляторы (Power Bank)","Внешние аккумуляторы (Power Bank)","256","midocean|oasis"
"Электроника","Электроника / Внешние аккумуляторы (Power Bank)","Внешние аккумуляторы","124","art24|topcatalog"
"Электроника","Электроника / Внешние аккумуляторы (Power Bank)","Внешние аккумуляторы с быстрой зарядкой","119","oasis"
"Электроника","Электроника / Внешние аккумуляторы (Power Bank)","Внешние аккумуляторы со встроенными кабелями","39","oasis"
"Электроника","Электроника / Внешние аккумуляторы (Power Bank)","Электроника / Power bank 4000 mah оптом","1","oceangifts"
"Электроника","Электроника / Внешние аккумуляторы (Power Bank)","Электроника / Зарядные устройства","1","oceangifts"
"Электроника","Электроника / Для смартфона","Зарядные устройства","50","art24"
"Электроника","Электроника / Для смартфона","Настольные зарядные устройства","39","midocean|oceangifts"
"Электроника","Электроника / Для смартфона","Держатели и подставки для телефонов","34","oasis"
"Электроника","Электроника / Для смартфона","USB-переходники","21","oasis"
"Электроника","Электроника / Для смартфона","Чехлы для планшетов","20","midocean|oasis"
"Электроника","Электроника / Для смартфона","Кошельки-накладки и картхолдеры для телефонов","18","oasis"
"Электроника","Электроника / Для смартфона","Аксессуары для селфи","16","midocean|oasis"
"Электроника","Электроника / Для смартфона","Электроника / Power bank оптом","12","oceangifts"
"Электроника","Электроника / Для смартфона","Электроника / Зарядные устройства","11","oceangifts"
"Электроника","Электроника / Для смартфона","Чехлы для смартфонов","11","oasis"
"Электроника","Электроника / Для смартфона","Финальная цена / Электроника","10","oceangifts"
"Электроника","Электроника / Для смартфона","Очки виртуальной реальности","8","oasis"
"Электроника","Электроника / Для смартфона","Электроника / Аудиоколонки и динамики","3","oceangifts"
"Электроника","Электроника / Для смартфона","Электроника / Power bank 4000 mah оптом","2","oceangifts"
"Электроника","Электроника / Для смартфона","Электроника / Электронные аксессуары","2","oceangifts"
"Электроника","Электроника / Для смартфона","Офис / Настольные наборы и  аксессуары","2","oceangifts"
"Электроника","Электроника / Для смартфона","Дом / Инструменты","2","oceangifts"
"Электроника","Электроника / Для смартфона","Линзы для телефона","2","oasis"
"Электроника","Электроника / Для смартфона","Распродажа / Электроника","1","oceangifts"
"Электроника","Электроника / Для смартфона","Аксессуары / Портфели, папки и портмоне","1","oceangifts"
"Электроника","Электроника / Для смартфона","Стилусы","1","oasis"
"Электроника","Электроника / Для смартфона","Кабели для мобильных телефонов","1","oasis"
"Электроника","Электроника / Колонки и наушники","Колонки и наушники","137","midocean|oasis|oceangifts"
"Электроника","Электроника / Колонки и наушники","Наушники беспроводные","81","oasis"
"Электроника","Электроника / Колонки и наушники","Наушники проводные","27","oasis"
"Электроника","Электроника / Колонки и наушники","Наушники с шумоподавлением","22","oasis"
"Электроника","USB Флешки|Металлические флешки","Металлические флешки","197","art24"
"Электроника","Электроника / Беспроводные зарядные устройства, станции и лампы (БЗУ)","Беспроводные зарядные устройства, станции и лампы (БЗУ)","132","midocean|oasis"
"Электроника","Электроника / Беспроводные зарядные устройства, станции и лампы (БЗУ)","Электроника / Зарядные устройства","1","oceangifts"
"Электроника","Электроника / Умные гаджеты","Умные гаджеты","133","oasis|topcatalog"
"Электроника","Товары для детей / Электроника для детей","Электроника для детей","68","oasis|oceangifts"
"Электроника","Товары для детей / Электроника для детей","Увлажнители","32","art24"
"Электроника","Товары для детей / Электроника для детей","Коврики для мышки","18","art24"
"Электроника","Товары для детей / Электроника для детей","Упаковка / Футляры","1","oceangifts"
"Электроника","Электроника / Компьютерные аксессуары","Аксессуары","24","art24"
"Электроника","Электроника / Компьютерные аксессуары","Коврики","20","oasis"
"Электроника","Электроника / Компьютерные аксессуары","Компьютерные аксессуары","14","midocean|oasis"
"Электроника","Электроника / Компьютерные аксессуары","Компьютерные мыши","8","art24"
"Электроника","Электроника / Компьютерные аксессуары","Веб-камеры и лампы","8","oasis"
"Электроника","Электроника / Компьютерные аксессуары","Мыши","8","oasis"
"Электроника","Электроника / Компьютерные аксессуары","Электроника / Электронные аксессуары","6","oceangifts"
"Электроника","Электроника / Компьютерные аксессуары","Охлаждающие подставки","6","oasis"
"Электроника","Электроника / Компьютерные аксессуары","Электроника / Компьютерные и мобильные аксессуары","3","oceangifts"
"Электроника","Электроника / Компьютерные аксессуары","Дом / Кухонные аксессуары","3","oceangifts"
"Электроника","Электроника / Компьютерные аксессуары","Электроника / Зарядные устройства","3","oceangifts"
"Электроника","Электроника / Компьютерные аксессуары","Промосувениры / Держатели с покрытием Soft touch","2","oceangifts"
"Электроника","Электроника / Компьютерные аксессуары","Финальная цена / Товары для дома","1","oceangifts"
"Электроника","Электроника / Компьютерные аксессуары","Здоровье / Защита здоровья","1","oceangifts"
"Электроника","Электроника / Компьютерные аксессуары","Отдых / Игры и спорт","1","oceangifts"
"Электроника","Электроника / Компьютерные аксессуары","Промосувениры / Промопродукция","1","oceangifts"
"Электроника","Электроника|Портативная акустика","Портативная акустика","75","art24"
"Электроника","Для спорта и фитнеса / Спортивные аксессуары","Смарт-часы и фитнес-браслеты","54","oasis"
"Электроника","Электроника / Сетевые адаптеры и розетки","Сетевые адаптеры и розетки","26","oasis"
"Электроника","Электроника / Сетевые адаптеры и розетки","Сетевые зарядные устройства USB (СЗУ)","9","topcatalog"
"Электроника","Электроника / Сетевые адаптеры и розетки","Электроника / Зарядные устройства","5","oceangifts"
"Электроника","Электроника / Органайзеры для электроники и кабелей","Органайзеры для электроники и кабелей","36","oasis"
"Электроника","Набор Power Bag 10000 (неокрашенный с оранжевым)","(без подподкатегории)","30","topcatalog"
"Электроника","Электроника","Часы","21","art24"
"Электроника","Электроника","Наушники","7","art24"
"Электроника","Электроника","elektronika 2","1","oceangifts"
"Электроника","Автомобильные аксессуары / Для салона","Автомобильные зарядные устройства","17","oasis"
"Электроника","Автомобильные аксессуары / Для салона","Держатели для смартфона","6","oasis"
"Электроника","Автомобильные аксессуары / Для салона","Электроника / Зарядные устройства","3","oceangifts"
"Электроника","USB Флешки|Пластиковые флешки","Пластиковые флешки","21","art24"
"Электроника","Коллекции / Товары для лета","Электроника","12","oasis"
"Электроника","Коллекции / Товары для лета","Финальная цена / Электроника","2","oceangifts"
"Электроника","Электроника / Проекторы","Проекторы","14","oasis"
"Электроника","USB Флешки|Стеклянные флешки","Стеклянные флешки","13","art24"
"Электроника","Электроника / Квадрокоптеры и радиоуправляемые игрушки","Квадрокоптеры и радиоуправляемые игрушки","13","oasis"
"Электроника","Электроника / Наборы электроники","Наборы электроники","12","midocean|oasis|oceangifts"
"Электроника","Электроника / Видеокамеры","Видеокамеры","8","midocean"
"Электроника","USB Флешки|Деревянные флешки","Деревянные флешки","7","art24"
"Электроника","Электроника / Пылесосы","Пылесосы","7","oasis"
"Электроника","Электроника / Смарт-часы и фитнес-браслеты","Смарт-часы и фитнес-браслеты","6","midocean"
"Электроника","Электроника / Медиаплееры","Медиаплееры","6","oasis"
"Электроника","Упаковка / Для флешек","Для флешек","6","oasis"
"Электроника","Электроника / Фонари","Фонари","5","oasis"
"Электроника","USB Флешки|Кожаные флешки","Кожаные флешки","3","art24"
"Электроника","Офисные аксессуары / Электроника","Офис / Настольные наборы и  аксессуары","1","oceangifts"
"Электроника","Электроника / Ноутбуки и планшеты","Ноутбуки и планшеты","1","oasis"
"Термосы и бутылки","Кухня и посуда / Термокружки и термосы","Термокружки","736","art24|oasis"
"Термосы и бутылки","Кухня и посуда / Термокружки и термосы","Термосы","605","art24|oasis"
"Термосы и бутылки","Кухня и посуда / Термокружки и термосы","Термокружки и термосы","342","midocean"
"Термосы и бутылки","Кухня и посуда / Термокружки и термосы","Посуда / Покрытие soft touch","41","oceangifts"
"Термосы и бутылки","Кухня и посуда / Термокружки и термосы","Отдых / Термостаканы с покрытием soft touch","21","oceangifts"
"Термосы и бутылки","Кухня и посуда / Термокружки и термосы","Посуда / Термосы","18","oceangifts"
"Термосы и бутылки","Кухня и посуда / Термокружки и термосы","Посуда / Термостаканы и термокружки","13","oceangifts"
"Термосы и бутылки","Кухня и посуда / Термокружки и термосы","Наборы с термосом","7","oasis"
"Термосы и бутылки","Кухня и посуда / Термокружки и термосы","Отдых / Термосы","2","oceangifts"
"Термосы и бутылки","Кухня и посуда / Термокружки и термосы","Отдых / Походные термокружки","1","oceangifts"
"Термосы и бутылки","Для спорта и фитнеса / Спортивные бутылки","Спортивные бутылки","875","oasis"
"Термосы и бутылки","Кухня и посуда / Посуда","Бутылки для воды","427","midocean|oasis"
"Термосы и бутылки","Кухня и посуда / Бутылки для воды","Бутылки","232","art24"
"Термосы и бутылки","Кухня и посуда / Бутылки для воды","Бутылки для воды","37","oasis|oceangifts"
"Термосы и бутылки","Кухня и посуда / Бутылки для воды","Посуда / Бутылки для воды","9","oceangifts"
"Термосы и бутылки","Кухня и посуда / Бутылки для воды","Промосувениры / Промопродукция","3","oceangifts"
"Термосы и бутылки","Кухня и посуда / Бутылки для воды","Финальная цена / Посуда","1","oceangifts"
"Термосы и бутылки","Кухня и посуда / Бутылки для воды","Посуда / Покрытие powder","1","oceangifts"
"Термосы и бутылки","Товары для детей / Бутылки и ланч-боксы для детей","Бутылки и ланч-боксы для детей","175","midocean|oasis|oceangifts"
"Термосы и бутылки","Термос Reactor duo black с датчиком температуры (черный с желтым)","(без подподкатегории)","79","topcatalog"
"Термосы и бутылки","Бутылка для напитков Active Blue line, 750 мл (желтая)","(без подподкатегории)","12","topcatalog"
"Термосы и бутылки","Для путешествий / Для активных путешествий","Фляжки","5","oasis"
"Термосы и бутылки","Посуда|Фляжки","Фляжки","2","art24"
"Термосы и бутылки","Термосы | Посуда / Ланч-боксы | Посуда","Посуда / Ланч-боксы","1","oceangifts"
"Ручки","Пишущие инструменты / Металлические ручки","Металлические ручки","1623","art24|midocean|oasis|oceangifts"
"Ручки","Пишущие инструменты / Металлические ручки","Ручки / Карандаши","6","oceangifts"
"Ручки","Пишущие инструменты / Металлические ручки","Финальная цена / Ручки","5","oceangifts"
"Ручки","Пишущие инструменты / Металлические ручки","Ручки / Ручки с флеш-картой","1","oceangifts"
"Ручки","Пишущие инструменты / Пластиковые ручки","Пластиковые ручки","895","art24|oasis|oceangifts"
"Ручки","Пишущие инструменты / Пластиковые ручки","Здоровье / Защита здоровья","6","oceangifts"
"Ручки","Ручки Bruno Visconti","ofis","167","midocean"
"Ручки","Подарочные наборы / Наборы с ручками","Наборы с ручками","69","oasis"
"Ручки","Подарочные наборы / Наборы с ручками","Наборы с аккумуляторами","48","art24"
"Ручки","Подарочные наборы / Наборы с ручками","Наборы с картхолдерами","11","art24"
"Ручки","Подарочные наборы / Наборы с ручками","Наборы с бутылками","9","art24"
"Ручки","Подарочные наборы / Наборы с ручками","Подарочные наборы / Наборы с ежедневниками и блокнотами","1","oceangifts"
"Ручки","Пишущие инструменты / Карандаши","Карандаши","119","art24|midocean|oasis"
"Ручки","Пишущие инструменты / Ручки","Эко ручки","59","art24"
"Ручки","Пишущие инструменты / Ручки","Наборы с ручками","40","oceangifts"
"Ручки","Пишущие инструменты / Ручки","Подарочные наборы / Готовые решения","7","oceangifts"
"Ручки","Пишущие инструменты / Ручки","Ручки шариковые","3","oceangifts"
"Ручки","Пишущие инструменты / Ручки","Ручки / Наборы с ручками","1","oceangifts"
"Ручки","Пишущие инструменты / Оригинальные ручки","Оригинальные ручки","92","oasis"
"Ручки","Пишущие инструменты / Ручки-стилусы","Ручки-стилусы","81","oasis"
"Ручки","Пишущие инструменты / Карандаши вечные","Карандаши вечные","63","midocean|oasis"
"Ручки","Пишущие инструменты / Ручки из дерева и эко-материалов","Ручки из дерева и эко-материалов","44","oasis"
"Ручки","Пишущие инструменты / Наборы маркеров","Наборы маркеров","41","midocean"
"Ручки","Ручка шариковая Trinity Kg Si Gum (серый)","(без подподкатегории)","34","topcatalog"
"Ручки","Ручка шариковая Straight Gum (серый)","(без подподкатегории)","33","topcatalog"
"Ручки","Пишущие инструменты / Наборы карандашей","Наборы карандашей","14","oasis|oceangifts"
"Ручки","Пишущие инструменты / Маркеры","Маркеры","10","oasis"
"Ручки","Пишущие инструменты / Фломастеры","Отдых / Фонари и мультиинструменты","4","oceangifts"
"Ручки","Пишущие инструменты / Фломастеры","Промосувениры / Промопродукция","1","oceangifts"
"Ручки","Пишущие инструменты / Фломастеры","Финальная цена / Товары для дома","1","oceangifts"
"Ручки","Пишущие инструменты / Стержни и чернила","Стержни и чернила","1","oasis"
"Подарочные наборы","Настраиваемые наборы","(без подподкатегории)","381","oasis"
"Подарочные наборы","Настраиваемые наборы","nabor","1","midocean"
"Подарочные наборы","Упаковка / Подарочная упаковка","Из картона","97","oasis"
"Подарочные наборы","Упаковка / Подарочная упаковка","Упаковка","46","art24"
"Подарочные наборы","Упаковка / Подарочная упаковка","Коробки","43","art24"
"Подарочные наборы","Упаковка / Подарочная упаковка","Из металла","24","oasis"
"Подарочные наборы","Упаковка / Подарочная упаковка","Наполнители для упаковки","23","oasis"
"Подарочные наборы","Упаковка / Подарочная упаковка","Из пластика","20","oasis"
"Подарочные наборы","Упаковка / Подарочная упаковка","Из дерева","12","oasis"
"Подарочные наборы","Упаковка / Подарочная упаковка","Из кожи","7","oasis"
"Подарочные наборы","Упаковка / Подарочная упаковка","Упаковка / Коробки","1","oceangifts"
"Подарочные наборы","Упаковка / Подарочная упаковка","Подарочная упаковка","1","oceangifts"
"Подарочные наборы","Коллекции / Товары для лета","Подарочные наборы","202","oasis"
"Подарочные наборы","Набор Hot Box E2 (софт-тач) (желтый)","(без подподкатегории)","198","topcatalog"
"Подарочные наборы","Личные аксессуары / Подарочные наборы","Подарочные наборы","165","midocean"
"Подарочные наборы","Личные аксессуары / Подарочные наборы","Дом / Винные наборы","1","oceangifts"
"Подарочные наборы","Подарочные наборы / Бизнес наборы","Бизнес наборы","115","art24|oasis"
"Подарочные наборы","Подарочные наборы / Премиум наборы","Премиум наборы","107","oasis"
"Подарочные наборы","Деловые подарки / Подарочные наборы","Подарочные наборы","96","oasis"
"Подарочные наборы","Деловые подарки / Подарочные наборы","Корпоративные подарки / Наборы подарочные","6","oceangifts"
"Подарочные наборы","Деловые подарки / Подарочные наборы","VIP-подарки / Шкатулки","2","oceangifts"
"Подарочные наборы","Деловые подарки / Подарочные наборы","Подарочные наборы / Наборы с ежедневниками и блокнотами","1","oceangifts"
"Подарочные наборы","Мужские аксессуары / Портмоне","Наборы с портмоне","94","midocean|oasis"
"Подарочные наборы","Товары для детей / Подарочные наборы детям","Подарочные наборы детям","46","oasis"
"Подарочные наборы","Товары для детей / Подарочные наборы детям","Наборы с термосами и термокружками","25","art24"
"Подарочные наборы","Товары для детей / Подарочные наборы детям","Наборы с рюкзаками и шопперами","7","art24"
"Подарочные наборы","Товары для детей / Подарочные наборы детям","Наборы посуды","3","art24"
"Подарочные наборы","Товары для детей / Подарочные наборы детям","Упаковка / Футляры","3","oceangifts"
"Подарочные наборы","Товары для детей / Подарочные наборы детям","Упаковка / Коробки","3","oceangifts"
"Подарочные наборы","Товары для детей / Подарочные наборы детям","Финальная цена / VIP-подарки","1","oceangifts"
"Подарочные наборы","Товары для детей / Подарочные наборы детям","Корпоративные подарки / Портмоне","1","oceangifts"
"Подарочные наборы","Пишущие инструменты / Наборы ручек","Наборы ручек","75","art24|oasis"
"Подарочные наборы","Подарочные наборы / Кофейные наборы","Подарочные наборы / Готовые решения","49","oceangifts"
"Подарочные наборы","Подарочные наборы / Кофейные наборы","Кофейные наборы","19","midocean|oceangifts"
"Подарочные наборы","Подарочные наборы / Кофейные наборы","Корпоративные подарки / Наборы подарочные","6","oceangifts"
"Подарочные наборы","Для отдыха / Для отдыха на природе","Наборы для отдыха на природе","72","midocean"
"Подарочные наборы","Подарочные наборы / Наборы для алкоголя","Наборы для алкоголя","49","midocean|oasis|oceangifts"
"Подарочные наборы","Подарочные наборы / Наборы для алкоголя","Корпоративные подарки / Наборы подарочные","6","oceangifts"
"Подарочные наборы","Подарочные наборы / Наборы для алкоголя","Наборы Welcome Pack","2","art24"
"Подарочные наборы","Подарочные наборы / Наборы для алкоголя","Подарочные наборы / Наборы для вина и шампанского","2","oceangifts"
"Подарочные наборы","Подарочные наборы / Наборы для алкоголя","Подарочные наборы / Наборы для чая и кофе","1","oceangifts"
"Подарочные наборы","Подарочные наборы / Наборы для алкоголя","Подарочные наборы / Готовые решения","1","oceangifts"
"Подарочные наборы","Подарочные наборы / Наборы для алкоголя","Отдых / Наборы для пикника","1","oceangifts"
"Подарочные наборы","Подарочные наборы / Продуктовые наборы","Продуктовые наборы","53","oasis"
"Подарочные наборы","Набор Bplanner Color 10000 (бежевый с чёрным)","(без подподкатегории)","52","topcatalog"
"Подарочные наборы","Съедобные подарки / Продуктовые наборы","Продуктовые наборы","50","oasis"
"Подарочные наборы","Подарочные наборы / Наборы для отдыха","Наборы для отдыха","43","oasis"
"Подарочные наборы","Подарочные наборы / Наборы для отдыха","Подарочные наборы / Наборы для водки","2","oceangifts"
"Подарочные наборы","Подарочные наборы / Наборы для отдыха","Отдых / Сумки и кулеры","2","oceangifts"
"Подарочные наборы","Кухня и посуда / Аксессуары для кухни","Наборы кухонных принадлежностей","27","oasis"
"Подарочные наборы","Кухня и посуда / Аксессуары для кухни","Наборы для закусок","11","oasis"
"Подарочные наборы","Кухня и посуда / Аксессуары для кухни","Наборы для сыра","3","oasis"
"Подарочные наборы","Кухня и посуда / Аксессуары для кухни","Наборы для пиццы","3","oasis"
"Подарочные наборы","Кухня и посуда / Аксессуары для кухни","Наборы для масла и уксуса","3","oasis"
"Подарочные наборы","Подарочные наборы / Наборы с пледом","Наборы с пледами","27","art24"
"Подарочные наборы","Подарочные наборы / Наборы с пледом","Наборы с пледом","18","oasis"
"Подарочные наборы","Подарочные наборы / Наборы сотрудника (Welcome pack)","Наборы сотрудника (Welcome pack)","44","oasis"
"Подарочные наборы","Кухня и посуда / Аксессуары для вина","Наборы аксессуаров для вина","33","oasis"
"Подарочные наборы","Кухня и посуда / Аксессуары для вина","Наборы для шампанского","7","oasis"
"Подарочные наборы","Кухня и посуда / Аксессуары для вина","Промосувениры / Держатели с покрытием Soft touch","1","oceangifts"
"Подарочные наборы","Кухня и посуда / Аксессуары для вина","Дом / Инструменты","1","oceangifts"
"Подарочные наборы","Кухня и посуда / Аксессуары для вина","Отдых / Фонари и мультиинструменты","1","oceangifts"
"Подарочные наборы","Для путешествий / Наборы для путешествий","Наборы для путешествий","41","oasis"
"Подарочные наборы","Офисные аксессуары / Офисные наборы","Офисные наборы","40","midocean|oasis"
"Подарочные наборы","Пишущие инструменты / Наборы для рисования","Наборы для рисования","38","midocean"
"Подарочные наборы","Автомобильные аксессуары / Инструменты и наборы для авто","Инструменты и наборы для авто","38","midocean|oasis"
"Подарочные наборы","Набор Cofer Tube CO12 black (коралловый)","(без подподкатегории)","32","topcatalog"
"Подарочные наборы","Подарочные наборы / Наборы для сыра","Наборы для сыра","31","art24|oasis"
"Подарочные наборы","Упаковка / Подарочные пакеты","Подарочные пакеты","31","oasis"
"Подарочные наборы","Подарочные наборы / Наборы для путешествий","Наборы для путешествий","26","oasis"
"Подарочные наборы","Подарочные наборы / Лайфстайл наборы","Лайфстайл наборы","24","oasis"
"Подарочные наборы","Кухня и посуда / Аксессуары для чая и кофе","Наборы для чая","16","oasis"
"Подарочные наборы","Кухня и посуда / Аксессуары для чая и кофе","Наборы для кофе","7","oasis"
"Подарочные наборы","Кухня и посуда / Аксессуары для алкоголя","Барные наборы","10","oasis"
"Подарочные наборы","Кухня и посуда / Аксессуары для алкоголя","Наборы для водки","3","oasis"
"Подарочные наборы","Кухня и посуда / Аксессуары для алкоголя","Наборы для коньяка","2","oasis"
"Подарочные наборы","Кухня и посуда / Аксессуары для алкоголя","Наборы для виски","2","oasis"
"Подарочные наборы","Кухня и посуда / Аксессуары для алкоголя","Наборы для коктейлей","1","oasis"
"Подарочные наборы","Для отдыха / Игры","Другие игральные наборы","14","oasis"
"Подарочные наборы","Для отдыха / Игры","Наборы для игры в гольф","2","oasis"
"Подарочные наборы","Для отдыха / Игры","Наборы для игры в карты","2","oasis"
"Подарочные наборы","Набор Edge Box ES2","(без подподкатегории)","15","topcatalog"
"Подарочные наборы","Офисные аксессуары / Канцелярские товары","Канцелярские наборы","13","oasis"
"Подарочные наборы","Кухня и посуда / Посуда","Ножи и наборы ножей","8","oasis"
"Подарочные наборы","Кухня и посуда / Посуда","Наборы столовых приборов","5","oasis"
"Подарочные наборы","Подарочные наборы / Новогодние наборы","Новогодние наборы","12","art24|oasis"
"Подарочные наборы","Женские аксессуары / Женские наборы","Женские наборы","12","oasis"
"Подарочные наборы","Для спорта и фитнеса / Наборы для спорта","Наборы для спорта","12","oasis"
"Подарочные наборы","Подарочные наборы / Чайные наборы","Чайные наборы","10","oasis"
"Подарочные наборы","Личные аксессуары / Гигиенические средства","Наборы для мужчин","7","oasis"
"Подарочные наборы","Личные аксессуары / Гигиенические средства","Наборы для душа","1","oasis"
"Подарочные наборы","Подарочные наборы / Автомобильные наборы","Автомобильные наборы","8","oasis"
"Подарочные наборы","Аксессуары для алкогольных напитков / Наборы для шампанского","Дом / Винные наборы","5","oceangifts"
"Подарочные наборы","Аксессуары для алкогольных напитков / Наборы для шампанского","Подарочные наборы / Наборы для вина и шампанского","2","oceangifts"
"Подарочные наборы","Набор Superbag Bubble (голубой)","(без подподкатегории)","7","topcatalog"
"Подарочные наборы","Подарочные наборы / Наборы для спорта","Наборы для спорта","6","oasis"
"Подарочные наборы","Женские аксессуары / Маникюрные наборы","Маникюрные наборы","6","oasis"
"Подарочные наборы","Корпоративные подарки|Наборы","Наборы","4","art24"
"Подарочные наборы","Личные аксессуары / Женские аксессуары","Дом / Маникюрные наборы и несессеры","4","oceangifts"
"Подарочные наборы","Личные аксессуары / Аксессуары в русском стиле","Наборы в русском стиле","4","oasis"
"Подарочные наборы","Подарочные наборы","dorozhnye-nabory","2","oceangifts"
"Подарочные наборы","Аксессуары для путешествий / Подарочные наборы","Отдых / Дорожные наборы","1","oceangifts"
"Подарочные наборы","Аксессуары для дома / Подарочные наборы","Дом / Увлажнители воздуха","1","oceangifts"
"Подарочные наборы","Набор Urban Tedge","(без подподкатегории)","1","topcatalog"
"Подарочные наборы","Для отдыха / Для отдыха на пляже","Пляжные наборы","1","oasis"
"Ежедневники и блокноты","Офисные аксессуары / Ежедневники","Недатированные","863","oasis"
"Ежедневники и блокноты","Офисные аксессуары / Ежедневники","Ежедневники","258","art24|midocean"
"Ежедневники и блокноты","Офисные аксессуары / Ежедневники","Датированные","139","oasis"
"Ежедневники и блокноты","Офисные аксессуары / Ежедневники","Ежедневники и блокноты / Ежедневники","40","oceangifts"
"Ежедневники и блокноты","Офисные аксессуары / Ежедневники","Ежедневники и блокноты / Блокноты","31","oceangifts"
"Ежедневники и блокноты","Офисные аксессуары / Ежедневники","Подарочные наборы / Готовые решения","25","oceangifts"
"Ежедневники и блокноты","Офисные аксессуары / Ежедневники","Ручки / Наборы с ручками","12","oceangifts"
"Ежедневники и блокноты","Офисные аксессуары / Ежедневники","Ежедневники и блокноты / Наборы с ежедневниками","3","oceangifts"
"Ежедневники и блокноты","Офисные аксессуары / Ежедневники","Подарочные наборы / Наборы с ежедневниками и блокнотами","3","oceangifts"
"Ежедневники и блокноты","Офисные аксессуары / Блокноты и записные книжки","Блокноты","631","oasis"
"Ежедневники и блокноты","Офисные аксессуары / Блокноты и записные книжки","Записные книжки, блокноты","148","art24"
"Ежедневники и блокноты","Офисные аксессуары / Блокноты и записные книжки","Записные книжки","92","oasis"
"Ежедневники и блокноты","Офисные аксессуары / Блокноты и записные книжки","Наборы с блокнотом","17","oasis"
"Ежедневники и блокноты","Офисные аксессуары / Блокноты и записные книжки","Промосувениры / Промопродукция","5","oceangifts"
"Ежедневники и блокноты","Подарочные наборы / Наборы с блокнотами","Наборы с блокнотами","273","midocean|oasis|oceangifts"
"Ежедневники и блокноты","Подарочные наборы / Наборы с блокнотами","Наборы с мультитулами","9","art24"
"Ежедневники и блокноты","Офисные аксессуары / Папки","Папки с блокнотом","48","oasis"
"Ежедневники и блокноты","Ежедневник Bplanner.01 в подарочной коробке (серый)","(без подподкатегории)","44","topcatalog"
"Ежедневники и блокноты","Упаковка / Для блокнотов и ежедневников","Корпоративные подарки / Наборы подарочные","12","oceangifts"
"Свитеры и толстовки","Одежда / Свитеры и толстовки","Свитеры и толстовки","2237","oasis"
"Свитеры и толстовки","Одежда / Свитеры и толстовки","Толстовки","140","art24"
"Отдых и спорт","Для отдыха / Для отдыха на природе","Кемпинговая посуда","145","oasis"
"Отдых и спорт","Для отдыха / Для отдыха на природе","Складные ножи","115","oasis"
"Отдых и спорт","Для отдыха / Для отдыха на природе","Коврики и пледы","29","oasis"
"Отдых и спорт","Для отдыха / Для отдыха на природе","Товары для бербекю и шашлыка","25","oasis"
"Отдых и спорт","Для отдыха / Для отдыха на природе","Вееры","18","oasis"
"Отдых и спорт","Для отдыха / Для отдыха на природе","Товары для пикника","17","oasis|oceangifts"
"Отдых и спорт","Для отдыха / Для отдыха на природе","Кемпинговая мебель","4","oasis"
"Отдых и спорт","Для отдыха / Для отдыха на природе","Гамаки","3","oasis"
"Отдых и спорт","Для отдыха / Пледы","Пледы","296","midocean|oasis"
"Отдых и спорт","Для отдыха / Пледы","Отдых / Пледы","16","oceangifts"
"Отдых и спорт","Для отдыха / Для релаксации","Антистрессы","128","art24|midocean|oasis"
"Отдых и спорт","Для отдыха / Для релаксации","Массажеры","10","oasis"
"Отдых и спорт","Товары для детей / Игры и игрушки","Игры и игрушки","106","midocean|oasis"
"Отдых и спорт","Игры, спорт, мероприятия","otdyh","82","midocean"
"Отдых и спорт","Для спорта и фитнеса / Спортивные аксессуары","Аксессуары для фитнеса","27","oasis"
"Отдых и спорт","Для спорта и фитнеса / Спортивные аксессуары","Мячи","13","oasis"
"Отдых и спорт","Для спорта и фитнеса / Спортивные аксессуары","Коврики для фитнеса","9","oasis"
"Отдых и спорт","Для спорта и фитнеса / Спортивные аксессуары","Напульсники и повязки","6","oasis"
"Отдых и спорт","Для спорта и фитнеса / Спортивные аксессуары","Эспандеры и фитнес-резинки","6","oasis"
"Отдых и спорт","Для спорта и фитнеса / Спортивные аксессуары","Секундомеры","2","oasis"
"Отдых и спорт","Для спорта и фитнеса / Спортивные аксессуары","Палки для ходьбы","2","oasis"
"Отдых и спорт","Одежда / Спортивные костюмы","Спортивные костюмы","63","oasis"
"Отдых и спорт","Коллекции / Товары для удалённой работы","Спорт в домашних условиях","57","oasis"
"Отдых и спорт","Ёлочная Игрушка Медвежонок (белый с красным)","(без подподкатегории)","45","topcatalog"
"Отдых и спорт","Отдых|Здоровье и массаж","Здоровье и массаж","41","art24"
"Отдых и спорт","Для отдыха / Для отдыха на пляже","Для отдыха на пляже","41","midocean"
"Отдых и спорт","Для отдыха / Игры","Игры и головоломки","25","art24"
"Отдых и спорт","Для отдыха / Игры","Развлекательные игры","6","oasis"
"Отдых и спорт","Для отдыха / Игры","Игры на воздухе","3","oasis"
"Отдых и спорт","Для отдыха / Игры","Нарды","1","oasis"
"Отдых и спорт","Личные аксессуары / Обложки для паспорта","Обложки для паспорта","30","oasis"
"Отдых и спорт","Для отдыха / Для спа и сауны","Товары для сауны","20","oasis"
"Отдых и спорт","Для отдыха / Для спа и сауны","Халаты для сауны","6","oasis"
"Отдых и спорт","Коллекции / Товары для лета","Для отдыха и спорта","19","oasis"
"Отдых и спорт","Для спорта и фитнеса / Товары для велосипедистов","Товары для велосипедистов","11","oasis"
"Отдых и спорт","Для спорта и фитнеса / Массажеры","Массажеры","3","oasis"
"Отдых и спорт","Отдых и путешествие","otdyx-i-puteshestvie","1","oceangifts"
"Отдых и спорт","Интеллектуальные подарки / Настольные игры","Дом / Шахматы и нарды","1","oceangifts"
"Отдых и спорт","Фонари и мультиинструменты","fonariki-i-multiinstrumenty","1","oceangifts"
"Отдых и спорт","Для отдыха / Для творчества и хобби","Для творчества и хобби","1","oasis"
"Кружки","Кухня и посуда / Кружки и стаканы","Кружки","699","art24|oasis"
"Кружки","Кухня и посуда / Кружки и стаканы","Кружки и стаканы","229","midocean|oceangifts"
"Кружки","Кухня и посуда / Кружки и стаканы","Стаканы","113","oasis"
"Кружки","Кухня и посуда / Кружки и стаканы","Костеры","22","oasis"
"Кружки","Кухня и посуда / Кружки и стаканы","Посуда / Покрытие soft touch","16","oceangifts"
"Кружки","Кухня и посуда / Кружки и стаканы","Кружка конструктор","10","oasis"
"Кружки","Кухня и посуда / Кружки и стаканы","Промосувениры / Промопродукция","2","oceangifts"
"Кружки","Кухня и посуда / Кружки и стаканы","Посуда / Кружки soft touch","2","oceangifts"
"Кружки","Кухня и посуда / Кружки и стаканы","Финальная цена / Посуда","1","oceangifts"
"Кружки","Подарки в русском стиле / Подстаканники","Подстаканники","48","midocean"
"Кружки","Стакан Classic White Green Line, 350 мл (синий)","(без подподкатегории)","10","topcatalog"
"«Зеленая» коллекция","Коллекции / «Зеленая» коллекция","«Зеленая» коллекция","991","oasis"
"Зонты","Зонты / Складные зонты","Складные зонты","385","art24|oasis"
"Зонты","Зонты / Зонты-трости","Зонты-трости","301","art24|oasis"
"Зонты","Коллекции / Товары для лета","Зонты","23","oasis"
"Зонты","Товары для детей / Зонты и дождевики для детей","Зонты и дождевики для детей","6","oasis"
"Сувениры и награды","Личные аксессуары / Брелоки","Брелоки","297","art24|oasis"
"Сувениры и награды","Кастомизация / Ремувки и брелоки","Шнурки и ремувки","81","art24"
"Сувениры и награды","Кастомизация / Ремувки и брелоки","Ремувки и брелоки","72","oasis"
"Сувениры и награды","Деловые подарки / Награды","Награды","103","art24|midocean|oasis|oceangifts"
"Сувениры и награды","Деловые подарки / Награды","Финальная цена / VIP-подарки","1","oceangifts"
"Сувениры и награды","Кухня и посуда / Аксессуары для алкоголя","Брелоки-открывалки","27","midocean|oceangifts"
"Сувениры и награды","Кухня и посуда / Аксессуары для алкоголя","Финальная цена / Офис","1","oceangifts"
"Сувениры и награды","Промо|Брелоки-фонарики","Брелоки-фонарики","25","art24"
"Сувениры и награды","Новогодние подарки / Сувениры с новогодней символикой","Сувениры с новогодней символикой","4","oceangifts"
"Сувениры и награды","Деловые подарки / Медали","Медали","3","oasis"
"Сувениры и награды","Деловые подарки / Плакетки","Плакетки","2","oasis"
"Сувениры и награды","Личные аксессуары / Значки","Значки","2","oasis"
"Сувениры и награды","Промопродукция","promoprodukcziya","1","oceangifts"
"Сувениры и награды","Промопродукция | Здоровье / Защита здоровья","Здоровье / Защита здоровья","1","oceangifts"
"Головные уборы","Одежда / Головные уборы","Головные уборы","584","art24|midocean"
"Утиль","Утиль","papka","546","midocean"
"Текстиль","Одежда / Бейсболки и панамы","Бейсболки и панамы","346","oasis|oceangifts"
"Текстиль","Одежда / Зимние аксессуары","Носки","33","oasis"
"Текстиль","Одежда / Зимние аксессуары","Варежки и перчатки","25","oasis"
"Текстиль","Одежда / Зимние аксессуары","Шарфы","23","oasis"
"Текстиль","Дом|Домашний текстиль","Домашний текстиль","61","art24"
"Текстиль","Одежда|Шарфы, платки","Шарфы, платки","30","art24"
"Текстиль","Электроника / Для смартфона","Салфетки и перчатки для сенсорного экрана","15","oasis"
"Текстиль","Шарф Bubble, стёганый (голубой)","(без подподкатегории)","7","topcatalog"
"Текстиль","Мужские аксессуары / Одежда","Шарфы","2","oasis"
"Текстиль","Упаковка / Подарочная упаковка","Из текстиля","1","oasis"
"Товары с поверхностью софт-тач","Коллекции / Товары с поверхностью софт-тач","Товары с поверхностью софт-тач","506","oasis"
"Офис и канцелярия","Офисные аксессуары / Держатели для бейджа и пропуска","Держатели для бейджа и пропуска","126","oasis"
"Офис и канцелярия","Офисные аксессуары / Держатели для бейджа и пропуска","Ланъярд и держатели для бейджей","38","art24"
"Офис и канцелярия","Ланьярды","ofis","90","midocean"
"Офис и канцелярия","Офисные аксессуары / Настольные аксессуары","Настольные органайзеры, аксессуары","26","art24"
"Офис и канцелярия","Офисные аксессуары / Настольные аксессуары","Календари","17","art24|oasis"
"Офис и канцелярия","Офисные аксессуары / Настольные аксессуары","Погодные станции","13","oasis"
"Офис и канцелярия","Офисные аксессуары / Настольные аксессуары","Держатели для документов","6","oasis"
"Офис и канцелярия","Офисные аксессуары / Настольные аксессуары","Офисные подставки","5","oasis"
"Офис и канцелярия","Офисные аксессуары / Настольные аксессуары","Офис / Настольные наборы и  аксессуары","4","oceangifts"
"Офис и канцелярия","Офисные аксессуары / Настольные аксессуары","Держатели для визиток","3","oasis"
"Офис и канцелярия","Офисные аксессуары / Настольные аксессуары","Настольные аксессуары","2","oceangifts"
"Офис и канцелярия","Офисные аксессуары / Настольные аксессуары","VIP-подарки / Настольные наборы","2","oceangifts"
"Офис и канцелярия","Офисные аксессуары / Настольные аксессуары","Дом / Кухонные аксессуары","1","oceangifts"
"Офис и канцелярия","Офисные аксессуары / Канцелярские товары","Стикеры","36","art24|oasis"
"Офис и канцелярия","Офисные аксессуары / Канцелярские товары","Пеналы","14","oasis"
"Офис и канцелярия","Офисные аксессуары / Канцелярские товары","Канцелярские ножи","4","oasis"
"Офис и канцелярия","Офисные аксессуары / Канцелярские товары","Точилки","3","oasis"
"Офис и канцелярия","Офисные аксессуары / Канцелярские товары","Ластики","1","oasis"
"Офис и канцелярия","Офисные аксессуары / Папки","Папки для документов","48","oasis"
"Офис и канцелярия","Кастомизация / Стикерпаки и открытки","Стикерпаки и открытки","25","oasis"
"Офис и канцелярия","Офисные аксессуары","ofis","12","midocean"
"Офис и канцелярия","Офисные аксессуары","otdyh","4","midocean"
"Офис и канцелярия","Карман для выставочного бейджа Expo, вертикальный, 10,3х16,1см (прозрачный)","(без подподкатегории)","11","topcatalog"
"Офис и канцелярия","Детская канцелярия","deti","4","midocean"
"Офис и канцелярия","Лазерные указки","ofis","2","midocean"
"Офис и канцелярия","Личные аксессуары / Визитницы","Корпоративные подарки / Портмоне","2","oceangifts"
"Офис и канцелярия","Офис | Финальная цена / VIP-подарки","Финальная цена / VIP-подарки","1","oceangifts"
"Офис и канцелярия","Картины | Дом / Картины | Офис","Дом / Картины","1","oceangifts"
"Офис и канцелярия","Скульптуры | Офис / Награды | Финальная цена","Офис / Награды","1","oceangifts"
"Обувь","Одежда / Обувь","Обувь","492","midocean|oasis"
"Дождевики","Одежда / Дождевики","Дождевики","263","art24|oasis"
"Перекус в рабочее время","Коллекции / Товары для удалённой работы","Перекус в рабочее время","255","oasis"
"Товары из растительного сырья","Коллекции / «Зеленая» коллекция","Товары из растительного сырья","241","oasis"
"Одежда для гостинично-ресторанной сферы","Одежда / Профессиональная одежда","Одежда для гостинично-ресторанной сферы","222","midocean|oasis"
"Одежда для детей","Товары для детей / Одежда для детей","Одежда для детей","195","oasis"
"Личные аксессуары","Личные аксессуары","odezhda","67","midocean"
"Личные аксессуары","Личные аксессуары","posuda","56","midocean"
"Личные аксессуары","Личные аксессуары","Электроника / Электронные аксессуары","1","oceangifts"
"Личные аксессуары","Коллекции / Товары для лета","Личные аксессуары","69","oasis"
"Колорит (Color it)","Коллекции / Серии","Колорит (Color it)","178","oasis"
"Новый год и рождество","Новый год и рождество","new-year","172","midocean"
"Фэйвор (Favor)","Коллекции / Серии","Фэйвор (Favor)","167","oasis"
"Организация рабочего места","Коллекции / Товары для удалённой работы","Организация рабочего места","156","oasis"
"Инструменты и мультитулы","Для дома / Инструменты и мультитулы","Мультиинструменты, рулетки","95","art24"
"Инструменты и мультитулы","Для дома / Инструменты и мультитулы","Инструменты и мультитулы","49","midocean"
"Инструменты и мультитулы","Для дома / Инструменты и мультитулы","Отдых / Фонари и мультиинструменты","7","oceangifts"
"Инструменты и мультитулы","Коллекции / Товары для лета","Инструменты и мультитулы","4","oasis"
"Трендовые цвета","Коллекции / Трендовые цвета","Трендовые цвета","155","oasis"
"Товары для сублимации","Коллекции / Товары для сублимации","Товары для сублимации","133","oasis"
"Сеты образцов","Коллекции / Сеты образцов","Сеты образцов","130","oasis"
"Топы и безрукавки","Одежда / Топы и безрукавки","Топы и безрукавки","130","oasis"
"Мультитулы","Для дома / Инструменты и мультитулы","Мультитулы","123","oasis"
"Аксессуары для путешествий","Аксессуары для путешествий","otdyh","63","midocean"
"Аксессуары для путешествий","Аксессуары для путешествий","sumki","44","midocean"
"Аксессуары для путешествий","Аксессуары для путешествий","Товары для путешествий","12","art24"
"Свечи и подсвечники","Для дома / Декор","Свечи и подсвечники","114","midocean|oasis"
"Кастом360","Коллекции / Кастом360","Кастом360","111","oasis"
"Солнцезащитные очки","Личные аксессуары / Очки","Солнцезащитные очки","111","midocean|oasis"
"Банные принадлежности","Личные аксессуары / Банные принадлежности","Банные принадлежности","101","midocean|oceangifts"
"Банные принадлежности","Личные аксессуары / Банные принадлежности","Распродажа / Отдых и путешествие","1","oceangifts"
"Банные принадлежности","Личные аксессуары / Банные принадлежности","Отдых / Пляжные принадлежности","1","oceangifts"
"Контейнеры для еды","Кухня и посуда / Контейнеры для еды","Контейнеры для еды","56","oasis"
"Контейнеры для еды","Кухня и посуда / Контейнеры для еды","Ланчбоксы (контейнеры для еды)","44","art24"
"Силиконовые составляющие","Элементы кастомизации|Силиконовые составляющие","Силиконовые составляющие","96","art24"
"Прочая упаковка","Упаковка / Прочая упаковка","Прочая упаковка","95","oasis"
"Уютная атмосфера дома","Коллекции / Товары для удалённой работы","Уютная атмосфера дома","94","oasis"
"Бамбуковая серия","Коллекции / Серии","Бамбуковая серия","92","oasis"
"Кофер металлик EDGE CO12m (медный)","Кофер металлик EDGE CO12m (медный)","(без подподкатегории)","90","topcatalog"
"Рабочая одежда","Одежда / Профессиональная одежда","Рабочая одежда","90","oasis"
"Для учебы и творчества","Товары для детей / Для учебы и творчества","Для учебы и творчества","89","oasis"
"Декор","Для дома / Декор","Декор","88","art24"
"Бальзам для губ","Бальзам для губ","uhod","78","midocean"
"Часы","Офисные аксессуары / Часы","Настенные часы","30","oasis"
"Часы","Офисные аксессуары / Часы","Настольные часы","17","oasis"
"Часы","Мужские аксессуары / Часы наручные мужские","Часы наручные мужские","15","oasis"
"Часы","Женские аксессуары / Часы наручные женские","Часы наручные женские","10","oasis"
"Часы","Мужские аксессуары / Шкатулки для часов","Шкатулки для часов","1","oasis"
"Инструменты","Для дома / Инструменты и мультитулы","Инструменты","69","midocean|oasis|oceangifts"
"Ревайвер (Reviver)","Коллекции / Серии","Ревайвер (Reviver)","69","oasis"
"Красота и стиль","Дом|Красота и стиль","Красота и стиль","66","art24"
"Визитницы и ключницы","Личные аксессуары / Визитницы и ключницы","Визитницы и ключницы","64","oasis"
"Ароматы для дома","Для дома / Декор","Ароматы для дома","63","oasis"
"Аксессуары для алкогольных напитков","Аксессуары для алкогольных напитков","elektronika","62","midocean"
"Фабрицио (Fabrizio)","Коллекции / Серии","Фабрицио (Fabrizio)","62","oasis"
"Надувные подушки","Для путешествий / Для самолетов и поездов","Надувные подушки","60","midocean|oasis"
"Пришивные патчи","Кастомизация / Пришивные патчи","Пришивные патчи","60","oasis"
"Шапки","Одежда / Зимние аксессуары","Шапки","60","oasis"
"Обеденный перерыв","Коллекции / Товары для удалённой работы","Обеденный перерыв","58","oasis"
"Кошельки и монетницы","Личные аксессуары / Кошельки и монетницы","Кошельки и монетницы","52","midocean|oasis"
"Кошельки и монетницы","Личные аксессуары / Кошельки и монетницы","Финальная цена / VIP-подарки","2","oceangifts"
"Кошельки и монетницы","Личные аксессуары / Кошельки и монетницы","Промосувениры / Промопродукция","1","oceangifts"
"Новогодние украшения","Новогодние подарки / Новогодние украшения","Новогодние украшения","55","art24"
"Кухня и посуда","Коллекции / Товары для лета","Кухня и посуда","51","oasis"
"Подвески","Для дома / Декор","Подвески","51","oasis"
"Чехлы и футляры для карт","Корпоративные подарки|Чехлы и футляры для карт","Чехлы и футляры для карт","51","art24"
"Платки","Женские аксессуары / Платки","Платки","50","oasis"
"Фартуки","Кухня и посуда / Аксессуары для кухни","Фартуки","50","oasis"
"Одежда для медицины и салонов красоты","Одежда / Профессиональная одежда","Одежда для медицины и салонов красоты","49","oasis"
"Товары для детей","Коллекции / Товары для удалённой работы","Товары для детей","25","oasis"
"Товары для детей","Коллекции / Товары для удалённой работы","Автотовары","11","art24"
"Товары для детей","Товары для детей","tovary-dlya-detej","4","oceangifts"
"Товары для детей","Товары для детей","Промосувениры / Товары для детей","3","oceangifts"
"Товары для детей","Товары для детей","Посуда / Бутылки для воды","3","oceangifts"
"Товары для детей","Товары для детей","Отдых / Дорожные наборы","1","oceangifts"
"Товары для детей","Товары для детей","Отдых / Игры и спорт","1","oceangifts"
"Товары для детей","Товары для детей","Промосувениры / Антистрессы и игры","1","oceangifts"
"Портмоне","Мужские аксессуары / Портмоне","Портмоне","45","oasis"
"Портмоне","Мужские аксессуары / Портмоне","Аксессуары / Портфели, папки и портмоне","2","oceangifts"
"Пакеты и мешочки","Упаковка|Пакеты и мешочки","Пакеты и мешочки","46","art24"
"Аксессуары для вина","Кухня и посуда / Аксессуары для вина","Аксессуары для вина","44","art24"
"Деловые подарки","Деловые подарки","(без подподкатегории)","44","oasis"
"Фонари","Автомобильные аксессуары / Фонари","Фонари","42","oasis"
"Фонари","Автомобильные аксессуары / Фонари","Финальная цена / Посуда","1","oceangifts"
"Мёд и варенье","Съедобные подарки / Мёд и варенье","Мёд и варенье","41","oasis"
"Шильды и бирки","Элементы кастомизации|Шильды и бирки","Шильды и бирки","40","art24"
"Гигиенические помады","Личные аксессуары / Гигиенические средства","Гигиенические помады","39","oasis"
"Лампы","Для дома / Декор","Лампы","39","art24|oasis"
"Настольные приборы","Деловые подарки / Настольные приборы","Настольные приборы","37","midocean|oasis"
"Настольные приборы","Деловые подарки / Настольные приборы","Финальная цена / Офис","2","oceangifts"
"Одноразовая БИО посуда","Посуда|Одноразовая БИО посуда","Одноразовая БИО посуда","39","art24"
"Товары с подсветкой логотипа","Коллекции / Товары с подсветкой логотипа","Товары с подсветкой логотипа","39","oasis"
"834","834","obrazczy-s-naneseniem","37","oceangifts"
"Аксессуары для кухни","Кухня и посуда / Аксессуары для кухни","Аксессуары для кухни","34","art24"
"Аксессуары для кухни","Кухня и посуда / Аксессуары для кухни","Дом / Кухонные аксессуары","3","oceangifts"
"Женские портмоне","Женские аксессуары / Женские портмоне","Женские портмоне","37","oasis"
"Растения","Для дома / Декор","Растения","37","oasis"
"Кредитницы","Мужские аксессуары / Портмоне","Кредитницы","34","oasis"
"Коробка Coffee Box (белый)","Коробка Coffee Box (белый)","(без подподкатегории)","32","topcatalog"
"Ароматические свечи","Для дома / Декор","Ароматические свечи","24","oasis"
"Ароматические свечи","Для дома / Декор","Арома","7","art24"
"Сеты","Маркетинговая поддержка|Сеты","Сеты","30","art24"
"Багажные бирки","Для путешествий / Для самолетов и поездов","Багажные бирки","29","oasis"
"Зеркала","Женские аксессуары / Зеркала","Зеркала","29","midocean|oasis"
"Переходники для техники","Для путешествий / Аксессуары для путешествий","Переходники для техники","29","oasis"
"Водонепроницаемые контейнеры","Для путешествий / Для активных путешествий","Водонепроницаемые сумки","20","art24"
"Водонепроницаемые контейнеры","Для путешествий / Для активных путешествий","Водонепроницаемые контейнеры","8","oasis"
"Карабин-кольцо Ring для обвеса, d=3,2см (чёрный никель)","Карабин-кольцо Ring для обвеса, d=3,2см (чёрный никель)","(без подподкатегории)","28","topcatalog"
"Маски для сна","Для путешествий / Для самолетов и поездов","Маски для сна","28","oasis"
"Ремувка 4sb flat с полукольцом (чёрный)","Ремувка 4sb flat с полукольцом (чёрный)","(без подподкатегории)","28","topcatalog"
"Товары для дома","Коллекции / Товары для лета","Товары для дома","13","oasis|oceangifts"
"Товары для дома","Коллекции / Товары для лета","Финальная цена / Товары для дома","3","oceangifts"
"Товары для дома","Коллекции / Товары для лета","Дом / Скульптуры","3","oceangifts"
"Товары для дома","Коллекции / Товары для лета","Отдых / Пледы","3","oceangifts"
"Товары для дома","Коллекции / Товары для лета","Дом / Шкатулки","2","oceangifts"
"Товары для дома","Коллекции / Товары для лета","Дом / Фоторамки и фотоальбомы","1","oceangifts"
"Товары для дома","Коллекции / Товары для лета","Промосувениры / Промопродукция","1","oceangifts"
"Товары для дома","Коллекции / Товары для лета","Отдых / Сумки и кулеры","1","oceangifts"
"Товары для дома","Коллекции / Товары для лета","Дом / Инструменты","1","oceangifts"
"Обвес Мысль (черный с белым)","Обвес Мысль (черный с белым)","(без подподкатегории)","27","topcatalog"
"Органайзеры для документов","Личные аксессуары / Органайзеры для документов","Органайзеры для документов","27","oasis"
"Сладости и орехи","Съедобные подарки / Сладости и орехи","Сладости и орехи","27","oasis"
"Рулетки","Для дома / Инструменты и мультитулы","Рулетки","26","oasis"
"Упаковка для ручек","Пишущие инструменты / Упаковка для ручек","Упаковка для ручек","25","art24|oceangifts"
"Аксессуары для детей","Товары для детей / Аксессуары для детей","Аксессуары для детей","24","midocean|oasis"
"Повязки на голову","Одежда / Головные уборы","Повязки на голову","24","oasis"
"Тарелки","Кухня и посуда / Посуда","Тарелки","24","oasis"
"Чайные пары","Кухня и посуда / Аксессуары для чая и кофе","Чайные пары","24","art24|oasis"
"VIP-подарки","Скульптуры | Дом / Скульптуры | Финальная цена","Дом / Скульптуры","12","oceangifts"
"VIP-подарки","Шкатулки | Дом / Шкатулки | Финальная цена","Дом / Шкатулки","6","oceangifts"
"VIP-подарки","Иконы | Финальная цена / VIP-подарки","Финальная цена / VIP-подарки","2","oceangifts"
"VIP-подарки","Картины | Финальная цена / VIP-подарки","Финальная цена / VIP-подарки","2","oceangifts"
"VIP-подарки","Скульптуры | Финальная цена / VIP-подарки","Финальная цена / VIP-подарки","1","oceangifts"
"VIP-подарки","Фоторамки и фотоальбомы | Дом / Фоторамки и фотоальбомы | Финальная цена","Дом / Фоторамки и фотоальбомы","1","oceangifts"
"Рефлектор","Коллекции / Серии","Рефлектор","23","oasis"
"Автомобильные аксессуары","Автомобильные аксессуары","podarki","22","midocean"
"Кофе и чай","Съедобные подарки / Кофе и чай","Кофе и чай","22","oasis"
"Крышка для кофера СО12 с клапаном (прозрачный)","Крышка для кофера СО12 с клапаном (прозрачный)","(без подподкатегории)","22","topcatalog"
"Шляпы","Одежда / Головные уборы","Шляпы","21","oasis"
"Аксессуары для одежды и обуви","Личные аксессуары / Аксессуары для одежды и обуви","Аксессуары для одежды и обуви","20","oasis"
"Профессиональная одежда","Одежда / Профессиональная одежда","Профессиональная одежда","20","midocean"
"Фелти","Коллекции / Серии","Фелти","20","oasis"
"Фоторамки","Для дома / Декор","Фоторамки","20","midocean|oasis"
"Штопоры","Кухня и посуда / Аксессуары для вина","Штопоры","20","oasis"
"Для ручек","Упаковка / Для ручек","Для ручек","19","oasis"
"Для строителей","Деловые подарки / Профессиональные подарки","Для строителей","19","oasis"
"Кофемашины","Кухня и посуда / Аксессуары для чая и кофе","Кофемашины","19","oasis"
"Бокалы","Кухня и посуда / Аксессуары для вина","Бокалы","18","oasis"
"Планар (Planar)","Коллекции / Серии","Планар (Planar)","18","oasis"
"Специи и приправы","Съедобные подарки / Специи и приправы","Специи и приправы","18","oasis"
"Товары для животных","Личные аксессуары / Товары для животных","Товары для животных","18","oasis"
"Подарки для медицинских работников","Профессиональные подарки / Подарки для медицинских работников","Подарки для медицинских работников","17","midocean"
"Разделочные доски","Кухня и посуда / Аксессуары для кухни","Разделочные доски","17","oasis"
"Холодильники для вина","Кухня и посуда / Аксессуары для вина","Холодильники для вина","17","oasis"
"Для нефтяников и шахтеров","Деловые подарки / Профессиональные подарки","Для нефтяников и шахтеров","16","oasis"
"Кофейники","Кухня и посуда / Аксессуары для чая и кофе","Кофейники","16","oasis"
"Очистители воздуха","Для дома / Другое","Очистители воздуха","16","oasis"
"Ретрактор 4hand (серый)","Ретрактор 4hand (серый)","(без подподкатегории)","16","topcatalog"
"Визитницы","Корпоративные подарки|Визитницы","Визитницы","15","art24"
"Маски для лица","Личные аксессуары / Гигиенические средства","Маски для лица","15","oasis"
"Многофункциональные инструменты","Автомобильные аксессуары / Многофункциональные инструменты","Многофункциональные инструменты","15","oasis|topcatalog"
"Открывалки","Кухня и посуда / Аксессуары для алкоголя","Открывалки","15","oasis"
"Зажигалки","Личные аксессуары / Для курения","Зажигалки","14","oasis"
"Козырьки от солнца","Одежда / Головные уборы","Козырьки от солнца","14","oasis"
"Ланч-бокс Cereal to go Green Line с ложкой (салатовый)","Ланч-бокс Cereal to go Green Line с ложкой (салатовый)","(без подподкатегории)","14","topcatalog"
"Личная гигиена","Личная гигиена","uhod","14","midocean"
"Органайзеры","Для дома / Другое","Органайзеры","14","oasis"
"Для медицинских работников","Деловые подарки / Профессиональные подарки","Для медицинских работников","13","oasis"
"Украшения","Для дома / Декор","Украшения","13","oasis"
"Мельницы для соли и перца","Кухня и посуда / Аксессуары для кухни","Мельницы для соли и перца","12","oasis"
"Обвес Standard kit `Red flag` (красный)","Обвес Standard kit `Red flag` (красный)","(без подподкатегории)","12","topcatalog"
"Скребки","Автомобильные аксессуары / Для кузова","Скребки","12","oasis"
"Бытовая техника","Дом|Бытовая техника","Бытовая техника","11","art24"
"Пробки для бутылок","Кухня и посуда / Аксессуары для вина","Пробки для бутылок","11","oasis"
"Чайники","Кухня и посуда / Аксессуары для чая и кофе","Чайники","11","oasis"
"Чехлы и шкатулки для очков","Личные аксессуары / Очки","Чехлы и шкатулки для очков","10","oasis"
"Дистрикт","Коллекции / Серии","Дистрикт","9","oasis"
"Для железнодорожников","Деловые подарки / Профессиональные подарки","Для железнодорожников","9","oasis"
"Емкости для путешествий","Для путешествий / Для самолетов и поездов","Емкости для путешествий","9","oasis"
"Чехлы для одежды","Для путешествий / Для самолетов и поездов","Чехлы для одежды","9","oasis"
"Графины","Кухня и посуда / Посуда","Графины","8","oasis"
"Средства для ухода","Личные аксессуары / Гигиенические средства","Средства для ухода","8","oasis"
"Штофы","Кухня и посуда / Аксессуары для алкоголя","Штофы","8","oasis"
"Вазы","Для дома / Декор","Вазы","7","oasis"
"Для финансистов","Деловые подарки / Профессиональные подарки","Для финансистов","7","oasis"
"Для энергетиков","Деловые подарки / Профессиональные подарки","Для энергетиков","7","oasis"
"Крышки","Элементы кастомизации|Крышки","Крышки","7","art24"
"Парковочные визитки","Автомобильные аксессуары / Для салона","Парковочные визитки","7","oasis"
"Солнцезащитные экраны","Автомобильные аксессуары / Для салона","Солнцезащитные экраны","7","oasis"
"Соломинки для питья","Кухня и посуда / Аксессуары для кухни","Соломинки для питья","7","oasis"
"Тубус для кофера CO12 (серый)","Тубус для кофера CO12 (серый)","(без подподкатегории)","7","topcatalog"
"Вентиляторы","Для дома / Другое","Вентиляторы","6","oasis"
"Дезинфицирующие средства","Личные аксессуары / Гигиенические средства","Дезинфицирующие средства","6","oasis"
"Для работников культуры","Деловые подарки / Профессиональные подарки","Для работников культуры","6","oasis"
"Косметика и аксессуары для бритья","Личные аксессуары / Мужские аксессуары","Косметика и аксессуары для бритья","5","midocean"
"Косметика и аксессуары для бритья","Личные аксессуары / Мужские аксессуары","Аксессуары / Аксессуары для спорта","1","oceangifts"
"Нова","Коллекции / Серии","Нова","6","oasis"
"Посуда","Кухня и посуда / Посуда","Посуда","6","midocean"
"Ремешки на шею","Личные аксессуары / Ремешки на шею","Ремешки на шею","6","oasis"
"Ридия (Reedia)","Коллекции / Серии","Ридия (Reedia)","6","oasis"
"Шейкеры","Кухня и посуда / Аксессуары для алкоголя","Шейкеры","6","oasis"
"Для алкоголя","Упаковка / Для алкоголя","Для алкоголя","5","oasis"
"Подарки для энергетиков","Профессиональные подарки / Подарки для энергетиков","VIP-подарки / Скульптуры","4","oceangifts"
"Подарки для энергетиков","Профессиональные подарки / Подарки для энергетиков","Финальная цена / VIP-подарки","1","oceangifts"
"Фотоальбомы","Интеллектуальные подарки / Фотоальбомы","Финальная цена / VIP-подарки","2","oceangifts"
"Фотоальбомы","Интеллектуальные подарки / Фотоальбомы","Финальная цена / Товары для дома","1","oceangifts"
"Фотоальбомы","Интеллектуальные подарки / Фотоальбомы","Корпоративные подарки / Портмоне","1","oceangifts"
"Фотоальбомы","Для дома / Искусство","Фотоальбомы","1","oasis"
"Аврора","Коллекции / Серии","Аврора","4","oasis"
"Аксессуары для алкоголя","Кухня и посуда / Аксессуары для алкоголя","Финальная цена / VIP-подарки","3","oceangifts"
"Аксессуары для алкоголя","Кухня и посуда / Аксессуары для алкоголя","Распродажа / Аксессуары","1","oceangifts"
"Аксессуары для чая и кофе","Кухня и посуда / Аксессуары для чая и кофе","Подарочные наборы / Наборы для чая и кофе","3","oceangifts"
"Аксессуары для чая и кофе","Кухня и посуда / Аксессуары для чая и кофе","Посуда / Чайные пары","1","oceangifts"
"Весы кухонные","Кухня и посуда / Аксессуары для кухни","Весы кухонные","4","oasis"
"Для кружек","Упаковка / Для кружек","Для кружек","4","oasis"
"Композиции","Для дома / Искусство","Композиции","4","oasis"
"Подарки в русском стиле","Подарки в русском стиле","chasy","4","oceangifts"
"Скульптуры","Скульптуры | Дом / Скульптуры","Дом / Скульптуры","4","oceangifts"
"Таблетницы","Личные аксессуары / Таблетницы","Таблетницы","4","oasis"
"Украшения мужские","Мужские аксессуары / Украшения мужские","Украшения мужские","4","oasis"
"Авоськи, чехлы, холдеры","Элементы кастомизации|Авоськи, чехлы, холдеры","Авоськи, чехлы, холдеры","3","art24"
"Аксессуары для курения","Личные аксессуары / Аксессуары для курения","Аксессуары / Аксессуары для курения","1","oceangifts"
"Аксессуары для курения","Личные аксессуары / Аксессуары для курения","Распродажа / Аксессуары","1","oceangifts"
"Аксессуары для курения","Личные аксессуары / Аксессуары для курения","Дом / Кухонные аксессуары","1","oceangifts"
"Блендеры","Кухня и посуда / Аксессуары для кухни","Блендеры","3","oasis"
"Для безопасности детей","Товары для детей / Для безопасности детей","Для безопасности детей","3","oasis"
"Для работников авиации","Деловые подарки / Профессиональные подарки","Для работников авиации","3","oasis"
"Кодовые замки","Для путешествий / Для самолетов и поездов","Кодовые замки","3","oasis"
"Ложки","Кухня и посуда / Аксессуары для кухни","Ложки","3","oasis"
"Прихватки и щипцы","Кухня и посуда / Аксессуары для кухни","Прихватки и щипцы","3","oasis"
"Расчески","Личные аксессуары / Гигиенические средства","Расчески","3","oasis"
"Сервизы","Кухня и посуда / Посуда","Костеры","3","art24"
"Сигнальная одежда","Одежда / Профессиональная одежда","Сигнальная одежда","3","oceangifts"
"Ситечки","Кухня и посуда / Аксессуары для чая и кофе","Ситечки","3","oasis"
"Увлажнители","Для дома / Другое","Увлажнители","3","oasis"
"Чехлы для галстуков","Мужские аксессуары / Одежда","Чехлы для галстуков","3","oasis"
"Шильды","Деловые подарки / Шильды","Шильды","3","oasis"
"Аксессуары для дома","Аксессуары для дома","Аксессуары для зонтов","2","art24"
"Аксессуары для торпеды и приборной панели","Автомобильные аксессуары / Для салона","Аксессуары для торпеды и приборной панели","2","oasis"
"Аэраторы и декантеры","Кухня и посуда / Аксессуары для вина","Аэраторы и декантеры","2","oasis"
"Блюда и подносы","Кухня и посуда / Посуда","Блюда и подносы","2","oasis"
"Для моряков","Деловые подарки / Профессиональные подарки","Для моряков","2","oasis"
"Домино WIN-WIN (черный с золотом)","Домино WIN-WIN (черный с золотом)","(без подподкатегории)","2","topcatalog"
"Дорожные портмоне","Для путешествий / Аксессуары для путешествий","Дорожные портмоне","2","oasis"
"Зажимы для денег","Мужские аксессуары / Портмоне","Зажимы для денег","2","oasis"
"Крючки для сумок","Женские аксессуары / Крючки для сумок","Крючки для сумок","2","oasis"
"Мышь компьютерная с сенсорным скроллом Sensation (белый)","Мышь компьютерная с сенсорным скроллом Sensation (белый)","(без подподкатегории)","2","topcatalog"
"Органайзеры для кухни","Кухня и посуда / Аксессуары для кухни","Органайзеры для кухни","2","oasis"
"Предметы интерьера","Аксессуары для дома / Предметы интерьера","Распродажа / Подарки для Женщин","1","oceangifts"
"Предметы интерьера","Аксессуары для дома / Предметы интерьера","Предметы интерьера","1","oceangifts"
"Продовольственные товары","Корпоративные подарки|Продовольственные товары","Продовольственные товары","2","art24"
"Термометры","Кухня и посуда / Аксессуары для кухни","Термометры","2","oasis"
"Товары для лета","Коллекции / Товары для лета","Товары для лета","2","oasis"
"Шкатулки и подставки","Женские аксессуары / Украшения","Дом / Шкатулки","1","oceangifts"
"Шкатулки и подставки","Женские аксессуары / Украшения","Шкатулки и подставки","1","oasis"
"Весы для багажа","Для путешествий / Для самолетов и поездов","Весы для багажа","1","oasis"
"Галстуки","Мужские аксессуары / Одежда","Галстуки","1","oasis"
"Защита здоровья","Защита здоровья","zashhita-zdorovya","1","oceangifts"
"Картины","Подарки в русском стиле / Картины","Дом / Картины","1","oceangifts"
"Карты","Для дома / Искусство","Карты","1","oasis"
"Книги","Для дома / Искусство","Книги","1","oasis"
"Одежда для пищевого производства","Одежда / Профессиональная одежда","Одежда для пищевого производства","1","oceangifts"
"Органайзеры, портмоне","Корпоративные подарки|Органайзеры, портмоне","Органайзеры, портмоне","1","art24"
"Пепельницы","Личные аксессуары / Для курения","Пепельницы","1","oasis"
"Подставки для бутылок","Кухня и посуда / Посуда","Подставки для бутылок","1","oasis"
"Подставки для кухни","Кухня и посуда / Аксессуары для кухни","Подставки для кухни","1","oasis"
"Расходные материалы","Расходные материалы","(без подподкатегории)","1","oasis"
"Ремни","Мужские аксессуары / Одежда","Ремни","1","oasis"
"Рукавицы","Кухня и посуда / Аксессуары для кухни","Распродажа / Аксессуары","1","oceangifts"
"Сковороды","Кухня и посуда / Посуда","Сковороды","1","oasis"
"Увлажнители и диспенсеры","Увлажнители воздуха | Здоровье / Увлажнители и диспенсеры","Здоровье / Увлажнители и диспенсеры","1","oceangifts"
"Фигурки","Для дома / Искусство","Фигурки","1","oasis"
"Хьюмидоры","Личные аксессуары / Для курения","Хьюмидоры","1","oasis"